
BEGIN;
CREATE TABLE IF NOT EXISTS "django_migrations" ("id" SERIAL PRIMARY KEY, "app" varchar(255) NOT NULL, "name" varchar(255) NOT NULL, "applied" timestamp NOT NULL);
INSERT INTO django_migrations VALUES(1,'contenttypes','0001_initial','2024-06-26 21:29:16.879473');
INSERT INTO django_migrations VALUES(2,'auth','0001_initial','2024-06-26 21:29:16.901486');
INSERT INTO django_migrations VALUES(3,'admin','0001_initial','2024-06-26 21:29:16.914285');
INSERT INTO django_migrations VALUES(4,'admin','0002_logentry_remove_auto_add','2024-06-26 21:29:16.929192');
INSERT INTO django_migrations VALUES(5,'admin','0003_logentry_add_action_flag_choices','2024-06-26 21:29:16.940944');
INSERT INTO django_migrations VALUES(6,'contenttypes','0002_remove_content_type_name','2024-06-26 21:29:16.963603');
INSERT INTO django_migrations VALUES(7,'auth','0002_alter_permission_name_max_length','2024-06-26 21:29:16.977069');
INSERT INTO django_migrations VALUES(8,'auth','0003_alter_user_email_max_length','2024-06-26 21:29:16.988777');
INSERT INTO django_migrations VALUES(9,'auth','0004_alter_user_username_opts','2024-06-26 21:29:16.997545');
INSERT INTO django_migrations VALUES(10,'auth','0005_alter_user_last_login_null','2024-06-26 21:29:17.010970');
INSERT INTO django_migrations VALUES(11,'auth','0006_require_contenttypes_0002','2024-06-26 21:29:17.012816');
INSERT INTO django_migrations VALUES(12,'auth','0007_alter_validators_add_error_messages','2024-06-26 21:29:17.023351');
INSERT INTO django_migrations VALUES(13,'auth','0008_alter_user_username_max_length','2024-06-26 21:29:17.038307');
INSERT INTO django_migrations VALUES(14,'auth','0009_alter_user_last_name_max_length','2024-06-26 21:29:17.052005');
INSERT INTO django_migrations VALUES(15,'auth','0010_alter_group_name_max_length','2024-06-26 21:29:17.115059');
INSERT INTO django_migrations VALUES(16,'auth','0011_update_proxy_permissions','2024-06-26 21:29:17.123014');
INSERT INTO django_migrations VALUES(17,'auth','0012_alter_user_first_name_max_length','2024-06-26 21:29:17.134837');
INSERT INTO django_migrations VALUES(18,'sessions','0001_initial','2024-06-26 21:29:17.139262');
INSERT INTO django_migrations VALUES(19,'members','0001_initial','2024-06-26 21:41:09.348624');
INSERT INTO django_migrations VALUES(20,'members','0002_member_joined_date_member_phone','2024-06-26 21:57:14.796390');
INSERT INTO django_migrations VALUES(21,'members','0003_profile','2024-06-29 18:27:35.398231');
INSERT INTO django_migrations VALUES(22,'members','0004_contact_delete_member','2024-06-30 15:16:31.426657');
INSERT INTO django_migrations VALUES(23,'members','0005_group_contact_groups','2024-07-01 11:16:43.749643');
INSERT INTO django_migrations VALUES(24,'members','0006_profile_birthday_profile_food_profile_hobbies_and_more','2024-07-02 02:09:11.393671');
INSERT INTO django_migrations VALUES(25,'members','0007_notification_usersettings','2024-07-02 14:42:51.481883');
INSERT INTO django_migrations VALUES(26,'members','0008_alter_contact_birthday_alter_usersettings_frequency_and_more','2024-07-03 15:22:29.964282');
INSERT INTO django_migrations VALUES(27,'members','0009_alter_usersettings_unique_together','2024-07-03 17:53:19.155398');
INSERT INTO django_migrations VALUES(28,'members','0010_alter_usersettings_frequency','2024-07-05 18:00:11.760840');
INSERT INTO django_migrations VALUES(29,'members','0011_notification_contact_and_more','2024-07-06 09:44:48.027734');
INSERT INTO django_migrations VALUES(30,'members','0012_recommendation','2024-07-06 13:23:46.405077');
INSERT INTO django_migrations VALUES(31,'members','0013_usersettings_preferred_end_time_and_more','2024-07-07 20:58:05.057550');
INSERT INTO django_migrations VALUES(32,'members','0014_usersettings_preferred_days','2024-07-08 13:07:03.950440');
INSERT INTO django_migrations VALUES(33,'members','0015_alter_usersettings_preferred_end_time_and_more','2024-07-10 13:35:15.364991');
INSERT INTO django_migrations VALUES(34,'members','0016_alter_usersettings_preferred_end_time_and_more','2024-07-10 13:35:15.396237');
INSERT INTO django_migrations VALUES(35,'members','0017_alter_usersettings_preferred_days','2024-07-10 13:35:15.412727');
INSERT INTO django_migrations VALUES(36,'members','0018_alter_usersettings_preferred_days','2024-07-10 13:35:15.428406');
INSERT INTO django_migrations VALUES(37,'members','0019_alter_usersettings_preferred_end_time_and_more','2024-07-10 13:35:15.450630');
INSERT INTO django_migrations VALUES(38,'members','0020_timerange_remove_usersettings_preferred_days_and_more','2024-07-12 22:09:46.770568');
INSERT INTO django_migrations VALUES(40,'members','0021_alter_timerange_unique_together_usertimerange_and_more','2024-07-15 09:43:10.921859');
INSERT INTO django_migrations VALUES(41,'members','0022_auto_20240715_0907','2024-07-15 09:44:02.328329');
INSERT INTO django_migrations VALUES(42,'members','0023_merge_20240715_0908','2024-07-15 09:44:19.983240');
INSERT INTO django_migrations VALUES(43,'members','0024_alter_usersettings_preferred_time_ranges','2024-07-15 09:48:03.348558');
INSERT INTO django_migrations VALUES(44,'members','0025_remove_usersettings_new_field_and_more','2024-07-15 09:59:57.262869');
INSERT INTO django_migrations VALUES(45,'members','0026_alter_usersettings_preferred_time_ranges_and_more','2024-07-16 14:23:05.519285');
INSERT INTO django_migrations VALUES(46,'members','0027_timerange_meeting_duration_and_more','2024-07-18 14:27:45.625017');
INSERT INTO django_migrations VALUES(47,'schedule','0001_initial','2024-07-18 14:27:45.728953');
INSERT INTO django_migrations VALUES(48,'schedule','0002_event_color_event','2024-07-18 14:27:45.745644');
INSERT INTO django_migrations VALUES(49,'schedule','0003_auto_20160715_0028','2024-07-18 14:27:45.851960');
INSERT INTO django_migrations VALUES(50,'schedule','0006_update_text_fields_empty_string','2024-07-18 14:27:45.872895');
INSERT INTO django_migrations VALUES(51,'schedule','0004_text_fields_not_null','2024-07-18 14:27:45.986758');
INSERT INTO django_migrations VALUES(52,'schedule','0005_verbose_name_plural_for_calendar','2024-07-18 14:27:45.992725');
INSERT INTO django_migrations VALUES(53,'schedule','0007_merge_text_fields','2024-07-18 14:27:45.994948');
INSERT INTO django_migrations VALUES(54,'schedule','0008_gfk_index','2024-07-18 14:27:46.077875');
INSERT INTO django_migrations VALUES(55,'schedule','0009_merge_20180108_2303','2024-07-18 14:27:46.080285');
INSERT INTO django_migrations VALUES(56,'schedule','0010_events_set_missing_calendar','2024-07-18 14:27:46.102571');
INSERT INTO django_migrations VALUES(57,'schedule','0011_event_calendar_not_null','2024-07-18 14:27:46.132027');
INSERT INTO django_migrations VALUES(58,'schedule','0012_auto_20191025_1852','2024-07-18 14:27:46.177710');
INSERT INTO django_migrations VALUES(59,'schedule','0013_auto_20210502_2303','2024-07-18 14:27:46.306579');
INSERT INTO django_migrations VALUES(60,'schedule','0014_use_autofields_for_pk','2024-07-18 14:27:46.433344');
INSERT INTO django_migrations VALUES(61,'members','0028_meeting_scheduled_time_and_more','2024-07-21 15:04:02.417820');
CREATE TABLE IF NOT EXISTS "auth_group" ("id" SERIAL PRIMARY KEY, "name" varchar(150) NOT NULL UNIQUE);
CREATE TABLE IF NOT EXISTS "auth_user" ("id" SERIAL PRIMARY KEY, "password" varchar(128) NOT NULL, "last_login" timestamp NULL, "is_superuser" bool NOT NULL, "username" varchar(150) NOT NULL UNIQUE, "last_name" varchar(150) NOT NULL, "email" varchar(254) NOT NULL, "is_staff" bool NOT NULL, "is_active" bool NOT NULL, "date_joined" timestamp NOT NULL, "first_name" varchar(150) NOT NULL);
INSERT INTO auth_user (
    "id", 
    "password", 
    "last_login", 
    "is_superuser", 
    "username", 
    "last_name", 
    "email", 
    "is_staff", 
    "is_active", 
    "date_joined", 
    "first_name"
) VALUES
(1,'pbkdf2_sha256$720000$ytXpCLlLw4OAfkDf4FrVqR$Gna3mfcXpPCg8s288uCeBgYvq2A4J/o8QOJJBgmPAFM=','2024-06-28 00:12:23.611919',true,'emil','','emil@gmail.com',true,true,'2024-06-28 00:11:33.525869',''),
(2,'pbkdf2_sha256$720000$MZ9kJCicd6D3n6evadcHxx$tude6RCbE+HPswYQKnznfcrsfVPMqfXYNSoZyp1YfSY=','2024-07-03 09:54:47.542437',false,'Oleg','','',false,true,'2024-06-28 17:08:48.655439',''),
(3,'pbkdf2_sha256$720000$2WtQjMpoAcs31eZL668GHV$fq+LoLteYinRlzoMriYdbdK7ekbqlCHVcjJesE6bxUE=','2024-06-29 09:14:23.690275',false,'Amil','','',false,true,'2024-06-29 09:13:53.316018',''),
(4,'pbkdf2_sha256$720000$wlzex66i5eUkqoduKRUsJK$f0NA10ZvTvX6jamCNppZzALCtYDyKhvYLX+3YVGS0tI=','2024-07-21 15:13:08.918553',true,'Emil','','',true,true,'2024-06-29 19:24:32.671806',''),
(5,'pbkdf2_sha256$720000$VYB8VmfPqRek52iCSxWfh5$n8hYwWtbiGbK7iyCHwsGLEbbuAW9ntYqhZcTfge+ciE=','2024-06-30 15:01:38.985265',false,'Ilona','','',false,true,'2024-06-30 15:01:32.305100','');
CREATE TABLE IF NOT EXISTS "django_content_type" ("id" SERIAL PRIMARY KEY, "app_label" varchar(100) NOT NULL, "model" varchar(100) NOT NULL);
INSERT INTO django_content_type VALUES(1,'admin','logentry');
INSERT INTO django_content_type VALUES(2,'auth','permission');
INSERT INTO django_content_type VALUES(3,'auth','group');
INSERT INTO django_content_type VALUES(4,'auth','user');
INSERT INTO django_content_type VALUES(5,'contenttypes','contenttype');
INSERT INTO django_content_type VALUES(6,'sessions','session');
INSERT INTO django_content_type VALUES(7,'members','member');
INSERT INTO django_content_type VALUES(8,'members','profile');
INSERT INTO django_content_type VALUES(9,'members','contact');
INSERT INTO django_content_type VALUES(10,'members','group');
INSERT INTO django_content_type VALUES(11,'members','usersettings');
INSERT INTO django_content_type VALUES(12,'members','notification');
INSERT INTO django_content_type VALUES(13,'members','meeting');
INSERT INTO django_content_type VALUES(14,'members','recommendation');
INSERT INTO django_content_type VALUES(15,'members','timerange');
INSERT INTO django_content_type VALUES(16,'members','usertimerange');
INSERT INTO django_content_type VALUES(17,'schedule','calendar');
INSERT INTO django_content_type VALUES(18,'schedule','calendarrelation');
INSERT INTO django_content_type VALUES(19,'schedule','event');
INSERT INTO django_content_type VALUES(20,'schedule','eventrelation');
INSERT INTO django_content_type VALUES(21,'schedule','occurrence');
INSERT INTO django_content_type VALUES(22,'schedule','rule');
CREATE TABLE IF NOT EXISTS "auth_permission" ("id" SERIAL PRIMARY KEY, "content_type_id" integer NOT NULL REFERENCES "django_content_type" ("id") DEFERRABLE INITIALLY DEFERRED, "codename" varchar(100) NOT NULL, "name" varchar(255) NOT NULL);
INSERT INTO auth_permission VALUES(1,1,'add_logentry','Can add log entry');
INSERT INTO auth_permission VALUES(2,1,'change_logentry','Can change log entry');
INSERT INTO auth_permission VALUES(3,1,'delete_logentry','Can delete log entry');
INSERT INTO auth_permission VALUES(4,1,'view_logentry','Can view log entry');
INSERT INTO auth_permission VALUES(5,2,'add_permission','Can add permission');
INSERT INTO auth_permission VALUES(6,2,'change_permission','Can change permission');
INSERT INTO auth_permission VALUES(7,2,'delete_permission','Can delete permission');
INSERT INTO auth_permission VALUES(8,2,'view_permission','Can view permission');
INSERT INTO auth_permission VALUES(9,3,'add_group','Can add group');
INSERT INTO auth_permission VALUES(10,3,'change_group','Can change group');
INSERT INTO auth_permission VALUES(11,3,'delete_group','Can delete group');
INSERT INTO auth_permission VALUES(12,3,'view_group','Can view group');
INSERT INTO auth_permission VALUES(13,4,'add_user','Can add user');
INSERT INTO auth_permission VALUES(14,4,'change_user','Can change user');
INSERT INTO auth_permission VALUES(15,4,'delete_user','Can delete user');
INSERT INTO auth_permission VALUES(16,4,'view_user','Can view user');
INSERT INTO auth_permission VALUES(17,5,'add_contenttype','Can add content type');
INSERT INTO auth_permission VALUES(18,5,'change_contenttype','Can change content type');
INSERT INTO auth_permission VALUES(19,5,'delete_contenttype','Can delete content type');
INSERT INTO auth_permission VALUES(20,5,'view_contenttype','Can view content type');
INSERT INTO auth_permission VALUES(21,6,'add_session','Can add session');
INSERT INTO auth_permission VALUES(22,6,'change_session','Can change session');
INSERT INTO auth_permission VALUES(23,6,'delete_session','Can delete session');
INSERT INTO auth_permission VALUES(24,6,'view_session','Can view session');
INSERT INTO auth_permission VALUES(25,7,'add_member','Can add member');
INSERT INTO auth_permission VALUES(26,7,'change_member','Can change member');
INSERT INTO auth_permission VALUES(27,7,'delete_member','Can delete member');
INSERT INTO auth_permission VALUES(28,7,'view_member','Can view member');
INSERT INTO auth_permission VALUES(29,8,'add_profile','Can add profile');
INSERT INTO auth_permission VALUES(30,8,'change_profile','Can change profile');
INSERT INTO auth_permission VALUES(31,8,'delete_profile','Can delete profile');
INSERT INTO auth_permission VALUES(32,8,'view_profile','Can view profile');
INSERT INTO auth_permission VALUES(33,9,'add_contact','Can add contact');
INSERT INTO auth_permission VALUES(34,9,'change_contact','Can change contact');
INSERT INTO auth_permission VALUES(35,9,'delete_contact','Can delete contact');
INSERT INTO auth_permission VALUES(36,9,'view_contact','Can view contact');
INSERT INTO auth_permission VALUES(37,10,'add_group','Can add group');
INSERT INTO auth_permission VALUES(38,10,'change_group','Can change group');
INSERT INTO auth_permission VALUES(39,10,'delete_group','Can delete group');
INSERT INTO auth_permission VALUES(40,10,'view_group','Can view group');
INSERT INTO auth_permission VALUES(41,11,'add_usersettings','Can add user settings');
INSERT INTO auth_permission VALUES(42,11,'change_usersettings','Can change user settings');
INSERT INTO auth_permission VALUES(43,11,'delete_usersettings','Can delete user settings');
INSERT INTO auth_permission VALUES(44,11,'view_usersettings','Can view user settings');
INSERT INTO auth_permission VALUES(45,12,'add_notification','Can add notification');
INSERT INTO auth_permission VALUES(46,12,'change_notification','Can change notification');
INSERT INTO auth_permission VALUES(47,12,'delete_notification','Can delete notification');
INSERT INTO auth_permission VALUES(48,12,'view_notification','Can view notification');
INSERT INTO auth_permission VALUES(49,13,'add_meeting','Can add meeting');
INSERT INTO auth_permission VALUES(50,13,'change_meeting','Can change meeting');
INSERT INTO auth_permission VALUES(51,13,'delete_meeting','Can delete meeting');
INSERT INTO auth_permission VALUES(52,13,'view_meeting','Can view meeting');
INSERT INTO auth_permission VALUES(53,14,'add_recommendation','Can add recommendation');
INSERT INTO auth_permission VALUES(54,14,'change_recommendation','Can change recommendation');
INSERT INTO auth_permission VALUES(55,14,'delete_recommendation','Can delete recommendation');
INSERT INTO auth_permission VALUES(56,14,'view_recommendation','Can view recommendation');
INSERT INTO auth_permission VALUES(57,15,'add_timerange','Can add time range');
INSERT INTO auth_permission VALUES(58,15,'change_timerange','Can change time range');
INSERT INTO auth_permission VALUES(59,15,'delete_timerange','Can delete time range');
INSERT INTO auth_permission VALUES(60,15,'view_timerange','Can view time range');
INSERT INTO auth_permission VALUES(61,16,'add_usertimerange','Can add user time range');
INSERT INTO auth_permission VALUES(62,16,'change_usertimerange','Can change user time range');
INSERT INTO auth_permission VALUES(63,16,'delete_usertimerange','Can delete user time range');
INSERT INTO auth_permission VALUES(64,16,'view_usertimerange','Can view user time range');
INSERT INTO auth_permission VALUES(65,17,'add_calendar','Can add calendar');
INSERT INTO auth_permission VALUES(66,17,'change_calendar','Can change calendar');
INSERT INTO auth_permission VALUES(67,17,'delete_calendar','Can delete calendar');
INSERT INTO auth_permission VALUES(68,17,'view_calendar','Can view calendar');
INSERT INTO auth_permission VALUES(69,18,'add_calendarrelation','Can add calendar relation');
INSERT INTO auth_permission VALUES(70,18,'change_calendarrelation','Can change calendar relation');
INSERT INTO auth_permission VALUES(71,18,'delete_calendarrelation','Can delete calendar relation');
INSERT INTO auth_permission VALUES(72,18,'view_calendarrelation','Can view calendar relation');
INSERT INTO auth_permission VALUES(73,19,'add_event','Can add event');
INSERT INTO auth_permission VALUES(74,19,'change_event','Can change event');
INSERT INTO auth_permission VALUES(75,19,'delete_event','Can delete event');
INSERT INTO auth_permission VALUES(76,19,'view_event','Can view event');
INSERT INTO auth_permission VALUES(77,20,'add_eventrelation','Can add event relation');
INSERT INTO auth_permission VALUES(78,20,'change_eventrelation','Can change event relation');
INSERT INTO auth_permission VALUES(79,20,'delete_eventrelation','Can delete event relation');
INSERT INTO auth_permission VALUES(80,20,'view_eventrelation','Can view event relation');
INSERT INTO auth_permission VALUES(81,21,'add_occurrence','Can add occurrence');
INSERT INTO auth_permission VALUES(82,21,'change_occurrence','Can change occurrence');
INSERT INTO auth_permission VALUES(83,21,'delete_occurrence','Can delete occurrence');
INSERT INTO auth_permission VALUES(84,21,'view_occurrence','Can view occurrence');
INSERT INTO auth_permission VALUES(85,22,'add_rule','Can add rule');
INSERT INTO auth_permission VALUES(86,22,'change_rule','Can change rule');
INSERT INTO auth_permission VALUES(87,22,'delete_rule','Can delete rule');
INSERT INTO auth_permission VALUES(88,22,'view_rule','Can view rule');
CREATE TABLE IF NOT EXISTS "auth_group_permissions" ("id" SERIAL PRIMARY KEY, "group_id" integer NOT NULL REFERENCES "auth_group" ("id") DEFERRABLE INITIALLY DEFERRED, "permission_id" integer NOT NULL REFERENCES "auth_permission" ("id") DEFERRABLE INITIALLY DEFERRED);
CREATE TABLE IF NOT EXISTS "auth_user_groups" ("id" SERIAL PRIMARY KEY, "user_id" integer NOT NULL REFERENCES "auth_user" ("id") DEFERRABLE INITIALLY DEFERRED, "group_id" integer NOT NULL REFERENCES "auth_group" ("id") DEFERRABLE INITIALLY DEFERRED);
CREATE TABLE IF NOT EXISTS "auth_user_user_permissions" ("id" SERIAL PRIMARY KEY, "user_id" integer NOT NULL REFERENCES "auth_user" ("id") DEFERRABLE INITIALLY DEFERRED, "permission_id" integer NOT NULL REFERENCES "auth_permission" ("id") DEFERRABLE INITIALLY DEFERRED);
CREATE TABLE IF NOT EXISTS "django_admin_log" (
    "id" SERIAL PRIMARY KEY, 
    "object_id" text NULL, 
    "object_repr" varchar(200) NOT NULL, 
    "action_flag" smallint NOT NULL CHECK ("action_flag" >= 0), 
    "change_message" text NOT NULL, 
    "content_type_id" integer NULL REFERENCES "django_content_type" ("id") DEFERRABLE INITIALLY DEFERRED, 
    "user_id" integer NOT NULL REFERENCES "auth_user" ("id") DEFERRABLE INITIALLY DEFERRED, 
    "action_time" timestamp NOT NULL
);
INSERT INTO django_admin_log VALUES(1,'5','Stalikken Refsnes',2,'[{"changed": {"fields": ["Phone", "Joined date"]}}]',7,1,'2024-06-28 08:29:59.731810');
INSERT INTO django_admin_log VALUES(2,'4','Lene Refsnes',2,'[{"changed": {"fields": ["Phone", "Joined date"]}}]',7,1,'2024-06-28 08:30:30.097913');
INSERT INTO django_admin_log VALUES(3,'3','Linus Refsnes',2,'[{"changed": {"fields": ["Phone", "Joined date"]}}]',7,1,'2024-06-28 08:30:37.509185');
INSERT INTO django_admin_log VALUES(4,'3','Linus Refsnes',2,'[]',7,1,'2024-06-28 08:30:42.035504');
INSERT INTO django_admin_log VALUES(5,'2','Tobias Refsnes',2,'[{"changed": {"fields": ["Phone", "Joined date"]}}]',7,1,'2024-06-28 08:30:53.049099');
INSERT INTO django_admin_log VALUES(6,'7','John Doe',1,'[{"added": {}}]',7,1,'2024-06-28 08:31:36.613005');
INSERT INTO django_admin_log VALUES(7,'4','Lene Refsnes',3,'',7,1,'2024-06-28 08:32:34.050235');
INSERT INTO django_admin_log VALUES(8,'8','Ryan Jones',1,'[{"added": {}}]',7,1,'2024-06-28 11:54:14.129063');
INSERT INTO django_admin_log VALUES(9,'9','Mikael Pussio',1,'[{"added": {}}]',7,1,'2024-06-28 13:00:30.964605');
INSERT INTO django_admin_log VALUES(10,'1','Emil profile',1,'[{"added": {}}]',8,4,'2024-06-29 19:26:58.438559');
INSERT INTO django_admin_log VALUES(11,'2','Oleg profile',1,'[{"added": {}}]',8,4,'2024-06-29 19:27:03.878418');
CREATE TABLE IF NOT EXISTS "django_session" ("session_key" varchar(40) NOT NULL PRIMARY KEY, "session_data" text NOT NULL, "expire_date" timestamp NOT NULL);
INSERT INTO django_session VALUES('hnlbd606hni1lcq03r20t0afv3l9t6gl','.eJxVjMsOwiAUBf-FtSFAeRSX7v0Gch8gVUOT0q6M_65NutDtmZnzEgm2taat5yVNLM7CitPvhkCP3HbAd2i3WdLc1mVCuSvyoF1eZ87Py-H-HVTo9Vtn4w05NMEUU2CAEFEXjt4qQ1aBQxj0yDSiclQwaotaswqeLEe0EMT7A-thOBs:1sVYFI:e784onBxTM4uIrfZPuat6Fdbck8vu71uie44McP7ZFM','2024-08-04 15:13:08.925615');
CREATE TABLE IF NOT EXISTS "members_group" ("id" SERIAL PRIMARY KEY, "name" varchar(100) NOT NULL, "user_id" integer NOT NULL REFERENCES "auth_user" ("id") DEFERRABLE INITIALLY DEFERRED);
INSERT INTO members_group VALUES(5,'Colleagues',4);
INSERT INTO members_group VALUES(9,'Ababa',4);
CREATE TABLE IF NOT EXISTS "members_contact" ("id" SERIAL PRIMARY KEY, "name" varchar(100) NOT NULL, "phone" integer NULL, "hobbies" varchar(100) NOT NULL, "food" varchar(100) NOT NULL, "user_id" integer NOT NULL REFERENCES "auth_user" ("id") DEFERRABLE INITIALLY DEFERRED, "birthday" date NULL);
INSERT INTO members_contact VALUES(8,'Emilio',70233,'Basketball','Chicken and chips',4,'2001-08-10');
INSERT INTO members_contact VALUES(9,'Sabina',93850923,'Horse Riding','Pizza',4,'2003-11-12');
INSERT INTO members_contact VALUES(10,'John Doe',NULL,'','',1,NULL);
INSERT INTO members_contact VALUES(11,'Mark',9583095,'Basketball','Noodles',4,'2001-12-12');
CREATE TABLE IF NOT EXISTS "members_contact_groups" ("id" SERIAL PRIMARY KEY, "contact_id" bigint NOT NULL REFERENCES "members_contact" ("id") DEFERRABLE INITIALLY DEFERRED, "group_id" bigint NOT NULL REFERENCES "members_group" ("id") DEFERRABLE INITIALLY DEFERRED);
INSERT INTO members_contact_groups VALUES(9,8,5);
INSERT INTO members_contact_groups VALUES(10,9,5);
CREATE TABLE IF NOT EXISTS "members_profile" ("id" SERIAL PRIMARY KEY, "image" varchar(100) NOT NULL, "user_id" integer NOT NULL UNIQUE REFERENCES "auth_user" ("id") DEFERRABLE INITIALLY DEFERRED, "birthday" date NULL, "food" varchar(100) NOT NULL, "hobbies" varchar(100) NOT NULL, "name" varchar(100) NOT NULL, "phone" integer NULL);
INSERT INTO members_profile VALUES(1,'profile_pics/55c6380e03ea56c837d95752de52ab1a15fd70ad64794e7ea03db190d6f2367e_xhqzbrU.png',4,'2001-08-10','Pizza','Basketball','Emil',7926513);
INSERT INTO members_profile VALUES(2,'default.jpg',2,NULL,'','','',NULL);
CREATE TABLE IF NOT EXISTS "members_notification" ("id" SERIAL PRIMARY KEY, "message" text NOT NULL, "timestamp" timestamp NOT NULL, "read" bool NOT NULL, "user_id" integer NOT NULL REFERENCES "auth_user" ("id") DEFERRABLE INITIALLY DEFERRED, "contact_id" bigint NULL REFERENCES "members_contact" ("id") DEFERRABLE INITIALLY DEFERRED, "scheduled_meeting_time" timestamp NULL);
INSERT INTO members_notification VALUES(1867,'Remember to check in with Emilio from Colleagues!','2024-07-21 15:01:00.012478',true,4,8,'2024-07-22 12:30:00');
INSERT INTO members_notification VALUES(1868,'Remember to check in with Sabina from Colleagues!','2024-07-21 15:01:00.021553',true,4,9,'2024-07-22 12:30:00');
INSERT INTO members_notification VALUES(1869,'Remember to check in with Emilio from Colleagues!','2024-07-21 15:02:00.017619',false,4,8,'2024-07-23 14:00:00');
INSERT INTO members_notification VALUES(1870,'Remember to check in with Sabina from Colleagues!','2024-07-21 15:02:00.025132',false,4,9,'2024-07-27 12:30:00');
INSERT INTO members_notification VALUES(1871,'Remember to check in with Emilio from Colleagues!','2024-07-21 15:03:00.016047',false,4,8,'2024-07-26 16:15:00');
INSERT INTO members_notification VALUES(1872,'Remember to check in with Sabina from Colleagues!','2024-07-21 15:03:00.026264',false,4,9,'2024-07-23 19:00:00');
CREATE TABLE IF NOT EXISTS "members_meeting" ("id" SERIAL PRIMARY KEY, "timestamp" timestamp NOT NULL, "location" varchar(100) NOT NULL, "group_id" bigint NOT NULL REFERENCES "members_group" ("id") DEFERRABLE INITIALLY DEFERRED, "person_met_id" bigint NOT NULL REFERENCES "members_contact" ("id") DEFERRABLE INITIALLY DEFERRED, "user_id" integer NOT NULL REFERENCES "auth_user" ("id") DEFERRABLE INITIALLY DEFERRED, "scheduled_time" timestamp NULL);
INSERT INTO members_meeting VALUES(12,'2024-07-21 15:14:48.525419','Defined location',5,8,4,'2024-07-22 12:30:00');
INSERT INTO members_meeting VALUES(13,'2024-07-21 15:15:20.411715','Defined location',5,9,4,'2024-07-22 12:30:00');
CREATE TABLE IF NOT EXISTS "members_recommendation" ("id" SERIAL PRIMARY KEY, "type" varchar(100) NOT NULL, "name" varchar(100) NOT NULL, "timestamp" timestamp NOT NULL, "contact_id" bigint NOT NULL REFERENCES "members_contact" ("id") DEFERRABLE INITIALLY DEFERRED, "user_id" integer NOT NULL REFERENCES "auth_user" ("id") DEFERRABLE INITIALLY DEFERRED);
CREATE TABLE IF NOT EXISTS "members_usersettings" ("id" SERIAL PRIMARY KEY, "frequency" integer NOT NULL, "group_id" bigint NOT NULL REFERENCES "members_group" ("id") DEFERRABLE INITIALLY DEFERRED, "user_id" integer NOT NULL REFERENCES "auth_user" ("id") DEFERRABLE INITIALLY DEFERRED);
INSERT INTO members_usersettings VALUES(1,0,9,4);
INSERT INTO members_usersettings VALUES(3,0,5,4);
CREATE TABLE IF NOT EXISTS "members_timerange" ("id" SERIAL PRIMARY KEY, "day" varchar(3) NOT NULL, "start_time" time NOT NULL, "end_time" time NOT NULL, "meeting_duration" integer NOT NULL);
INSERT INTO members_timerange VALUES(1,'mon','12:00:00','13:00:00',60);
INSERT INTO members_timerange VALUES(2,'tue','13:00:00','14:00:00',60);
INSERT INTO members_timerange VALUES(3,'wed','15:00:00','16:00:00',60);
INSERT INTO members_timerange VALUES(4,'thu','16:00:00','17:00:00',60);
INSERT INTO members_timerange VALUES(5,'fri','17:00:00','18:00:00',60);
INSERT INTO members_timerange VALUES(6,'sat','18:00:00','19:00:00',60);
INSERT INTO members_timerange VALUES(7,'sun','19:00:00','20:00:00',60);
INSERT INTO members_timerange VALUES(22,'mon','19:00:00','20:00:00',60);
INSERT INTO members_timerange VALUES(23,'mon','12:00:00','20:00:00',60);
INSERT INTO members_timerange VALUES(24,'tue','11:00:00','13:00:00',60);
INSERT INTO members_timerange VALUES(25,'mon','13:00:00','14:00:00',60);
INSERT INTO members_timerange VALUES(29,'tue','12:00:00','13:00:00',60);
INSERT INTO members_timerange VALUES(30,'sat','12:00:00','13:00:00',60);
INSERT INTO members_timerange VALUES(31,'thu','12:00:00','22:00:00',60);
INSERT INTO members_timerange VALUES(32,'fri','12:00:00','13:00:00',60);
INSERT INTO members_timerange VALUES(33,'sun','12:00:00','11:00:00',60);
INSERT INTO members_timerange VALUES(34,'wed','12:00:00','13:00:00',60);
INSERT INTO members_timerange VALUES(35,'thu','12:00:00','15:00:00',60);
INSERT INTO members_timerange VALUES(36,'thu','12:00:00','13:00:00',60);
INSERT INTO members_timerange VALUES(37,'wed','12:00:00','22:00:00',60);
INSERT INTO members_timerange VALUES(38,'mon','12:00:00','14:00:00',60);
INSERT INTO members_timerange VALUES(39,'mon','12:00:00','15:00:00',60);
INSERT INTO members_timerange VALUES(40,'mon','12:00:00','16:00:00',60);
INSERT INTO members_timerange VALUES(41,'thu','12:00:00','14:00:00',60);
INSERT INTO members_timerange VALUES(42,'fri','12:00:00','19:00:00',60);
INSERT INTO members_timerange VALUES(43,'tue','19:00:00','20:00:00',60);
INSERT INTO members_timerange VALUES(44,'wed','19:00:00','20:00:00',60);
INSERT INTO members_timerange VALUES(45,'thu','19:00:00','20:00:00',60);
INSERT INTO members_timerange VALUES(46,'fri','19:00:00','20:00:00',60);
INSERT INTO members_timerange VALUES(47,'sat','19:00:00','20:00:00',60);
INSERT INTO members_timerange VALUES(48,'tue','19:00:00','22:00:00',60);
INSERT INTO members_timerange VALUES(49,'wed','12:00:00','20:00:00',60);
INSERT INTO members_timerange VALUES(50,'sun','12:00:00','13:00:00',60);
INSERT INTO members_timerange VALUES(51,'mon','19:00:00','22:00:00',60);
INSERT INTO members_timerange VALUES(52,'mon','11:00:00','12:00:00',60);
INSERT INTO members_timerange VALUES(53,'tue','12:00:00','14:00:00',60);
INSERT INTO members_timerange VALUES(54,'fri','12:00:00','14:00:00',60);
INSERT INTO members_timerange VALUES(55,'sat','13:00:00','14:00:00',60);
INSERT INTO members_timerange VALUES(56,'tue','12:00:00','22:00:00',60);
INSERT INTO members_timerange VALUES(57,'mon','12:00:00','22:00:00',60);
INSERT INTO members_timerange VALUES(58,'mon','11:00:00','15:00:00',60);
INSERT INTO members_timerange VALUES(59,'fri','16:00:00','19:00:00',60);
INSERT INTO members_timerange VALUES(60,'wed','13:00:00','14:00:00',60);
INSERT INTO members_timerange VALUES(61,'sat','12:00:00','22:00:00',60);
INSERT INTO members_timerange VALUES(62,'sun','12:00:00','14:00:00',60);
INSERT INTO members_timerange VALUES(63,'sun','12:00:00','22:00:00',60);
INSERT INTO members_timerange VALUES(64,'sun','12:00:00','21:00:00',60);
INSERT INTO members_timerange VALUES(65,'tue','12:00:00','20:00:00',60);
CREATE TABLE IF NOT EXISTS "members_usersettings_preferred_time_ranges" ("id" SERIAL PRIMARY KEY, "usersettings_id" bigint NOT NULL REFERENCES "members_usersettings" ("id") DEFERRABLE INITIALLY DEFERRED, "timerange_id" bigint NOT NULL REFERENCES "members_timerange" ("id") DEFERRABLE INITIALLY DEFERRED);
CREATE TABLE IF NOT EXISTS "members_usertimerange" ("id" SERIAL PRIMARY KEY, "timerange_id" bigint NOT NULL REFERENCES "members_timerange" ("id") DEFERRABLE INITIALLY DEFERRED, "usersettings_id" bigint NOT NULL REFERENCES "members_usersettings" ("id") DEFERRABLE INITIALLY DEFERRED);
INSERT INTO members_usertimerange VALUES(23,49,1);
INSERT INTO members_usertimerange VALUES(27,34,1);
INSERT INTO members_usertimerange VALUES(28,36,1);
INSERT INTO members_usertimerange VALUES(30,32,1);
INSERT INTO members_usertimerange VALUES(31,30,1);
INSERT INTO members_usertimerange VALUES(40,54,1);
INSERT INTO members_usertimerange VALUES(41,47,1);
INSERT INTO members_usertimerange VALUES(42,55,1);
INSERT INTO members_usertimerange VALUES(47,29,1);
INSERT INTO members_usertimerange VALUES(48,56,1);
INSERT INTO members_usertimerange VALUES(69,59,1);
INSERT INTO members_usertimerange VALUES(70,59,3);
INSERT INTO members_usertimerange VALUES(75,48,1);
INSERT INTO members_usertimerange VALUES(76,48,3);
INSERT INTO members_usertimerange VALUES(77,37,1);
INSERT INTO members_usertimerange VALUES(78,37,3);
INSERT INTO members_usertimerange VALUES(83,49,3);
INSERT INTO members_usertimerange VALUES(86,2,1);
INSERT INTO members_usertimerange VALUES(87,2,3);
INSERT INTO members_usertimerange VALUES(88,60,1);
INSERT INTO members_usertimerange VALUES(89,60,3);
INSERT INTO members_usertimerange VALUES(90,56,3);
INSERT INTO members_usertimerange VALUES(93,61,1);
INSERT INTO members_usertimerange VALUES(94,61,3);
INSERT INTO members_usertimerange VALUES(107,63,1);
INSERT INTO members_usertimerange VALUES(108,63,3);
INSERT INTO members_usertimerange VALUES(111,29,3);
INSERT INTO members_usertimerange VALUES(120,65,1);
INSERT INTO members_usertimerange VALUES(121,65,3);
INSERT INTO members_usertimerange VALUES(130,1,1);
INSERT INTO members_usertimerange VALUES(131,1,3);
CREATE TABLE IF NOT EXISTS "schedule_calendar" ("id" SERIAL PRIMARY KEY, "name" varchar(200) NOT NULL, "slug" varchar(200) NOT NULL UNIQUE);
CREATE TABLE IF NOT EXISTS "schedule_calendarrelation" ("id" SERIAL PRIMARY KEY, "object_id" integer NOT NULL, "distinction" varchar(20) NOT NULL, "inheritable" bool NOT NULL, "calendar_id" integer NOT NULL REFERENCES "schedule_calendar" ("id") DEFERRABLE INITIALLY DEFERRED, "content_type_id" integer NOT NULL REFERENCES "django_content_type" ("id") DEFERRABLE INITIALLY DEFERRED);
CREATE TABLE IF NOT EXISTS "schedule_rule" ("id" SERIAL PRIMARY KEY, "name" varchar(32) NOT NULL, "description" text NOT NULL, "frequency" varchar(10) NOT NULL, "params" text NOT NULL);
CREATE TABLE IF NOT EXISTS "schedule_event" ("id" SERIAL PRIMARY KEY, "start" timestamp NOT NULL, "end" timestamp NOT NULL, "title" varchar(255) NOT NULL, "description" text NOT NULL, "created_on" timestamp NOT NULL, "updated_on" timestamp NOT NULL, "end_recurring_period" timestamp NULL, "calendar_id" integer NOT NULL REFERENCES "schedule_calendar" ("id") DEFERRABLE INITIALLY DEFERRED, "creator_id" integer NULL REFERENCES "auth_user" ("id") DEFERRABLE INITIALLY DEFERRED, "rule_id" bigint NULL REFERENCES "schedule_rule" ("id") DEFERRABLE INITIALLY DEFERRED, "color_event" varchar(10) NOT NULL);
CREATE TABLE IF NOT EXISTS "schedule_eventrelation" ("id" SERIAL PRIMARY KEY, "object_id" integer NOT NULL, "distinction" varchar(20) NOT NULL, "content_type_id" integer NOT NULL REFERENCES "django_content_type" ("id") DEFERRABLE INITIALLY DEFERRED, "event_id" integer NOT NULL REFERENCES "schedule_event" ("id") DEFERRABLE INITIALLY DEFERRED);
CREATE TABLE IF NOT EXISTS "schedule_occurrence" ("id" SERIAL PRIMARY KEY, "title" varchar(255) NOT NULL, "description" text NOT NULL, "start" timestamp NOT NULL, "end" timestamp NOT NULL, "cancelled" bool NOT NULL, "original_start" timestamp NOT NULL, "original_end" timestamp NOT NULL, "created_on" timestamp NOT NULL, "updated_on" timestamp NOT NULL, "event_id" integer NOT NULL REFERENCES "schedule_event" ("id") DEFERRABLE INITIALLY DEFERRED);
COMMIT;

BEGIN;
CREATE UNIQUE INDEX "auth_group_permissions_group_id_permission_id_0cd325b0_uniq" ON "auth_group_permissions" ("group_id", "permission_id");
CREATE INDEX "auth_group_permissions_group_id_b120cbf9" ON "auth_group_permissions" ("group_id");
CREATE INDEX "auth_group_permissions_permission_id_84c5c92e" ON "auth_group_permissions" ("permission_id");
CREATE UNIQUE INDEX "auth_user_groups_user_id_group_id_94350c0c_uniq" ON "auth_user_groups" ("user_id", "group_id");
CREATE INDEX "auth_user_groups_user_id_6a12ed8b" ON "auth_user_groups" ("user_id");
CREATE INDEX "auth_user_groups_group_id_97559544" ON "auth_user_groups" ("group_id");
CREATE UNIQUE INDEX "auth_user_user_permissions_user_id_permission_id_14a6b632_uniq" ON "auth_user_user_permissions" ("user_id", "permission_id");
CREATE INDEX "auth_user_user_permissions_user_id_a95ead1b" ON "auth_user_user_permissions" ("user_id");
CREATE INDEX "auth_user_user_permissions_permission_id_1fbb5f2c" ON "auth_user_user_permissions" ("permission_id");
CREATE INDEX "django_admin_log_content_type_id_c4bce8eb" ON "django_admin_log" ("content_type_id");
CREATE INDEX "django_admin_log_user_id_c564eba6" ON "django_admin_log" ("user_id");
CREATE UNIQUE INDEX "django_content_type_app_label_model_76bd3d3b_uniq" ON "django_content_type" ("app_label", "model");
CREATE UNIQUE INDEX "auth_permission_content_type_id_codename_01ab375a_uniq" ON "auth_permission" ("content_type_id", "codename");
CREATE INDEX "auth_permission_content_type_id_2f476e4b" ON "auth_permission" ("content_type_id");
CREATE INDEX "django_session_expire_date_a5c62663" ON "django_session" ("expire_date");
CREATE INDEX "members_group_user_id_e8985461" ON "members_group" ("user_id");
CREATE UNIQUE INDEX "members_contact_groups_contact_id_group_id_60256de4_uniq" ON "members_contact_groups" ("contact_id", "group_id");
CREATE INDEX "members_contact_groups_contact_id_074ac987" ON "members_contact_groups" ("contact_id");
CREATE INDEX "members_contact_groups_group_id_c71797b9" ON "members_contact_groups" ("group_id");
CREATE INDEX "members_notification_user_id_dbc599bd" ON "members_notification" ("user_id");
CREATE INDEX "members_contact_user_id_2ae9dc26" ON "members_contact" ("user_id");
CREATE INDEX "members_meeting_group_id_72446bbd" ON "members_meeting" ("group_id");
CREATE INDEX "members_meeting_person_met_id_0d0d668b" ON "members_meeting" ("person_met_id");
CREATE INDEX "members_meeting_user_id_f742d4d5" ON "members_meeting" ("user_id");
CREATE INDEX "members_notification_contact_id_c78645e1" ON "members_notification" ("contact_id");
CREATE INDEX "members_recommendation_contact_id_1c32c1f5" ON "members_recommendation" ("contact_id");
CREATE INDEX "members_recommendation_user_id_88d80c5e" ON "members_recommendation" ("user_id");
CREATE UNIQUE INDEX "members_usersettings_preferred_time_ranges_usersettings_id_timerange_id_29a777ac_uniq" ON "members_usersettings_preferred_time_ranges" ("usersettings_id", "timerange_id");
CREATE INDEX "members_usersettings_preferred_time_ranges_usersettings_id_2e25e4da" ON "members_usersettings_preferred_time_ranges" ("usersettings_id");
CREATE INDEX "members_usersettings_preferred_time_ranges_timerange_id_70e16b13" ON "members_usersettings_preferred_time_ranges" ("timerange_id");
CREATE INDEX "members_usertimerange_timerange_id_fd975495" ON "members_usertimerange" ("timerange_id");
CREATE INDEX "members_usertimerange_usersettings_id_f32cce90" ON "members_usertimerange" ("usersettings_id");
CREATE UNIQUE INDEX "members_usersettings_user_id_group_id_1150d132_uniq" ON "members_usersettings" ("user_id", "group_id");
CREATE INDEX "members_usersettings_group_id_dd6dbc89" ON "members_usersettings" ("group_id");
CREATE INDEX "members_usersettings_user_id_348e3c55" ON "members_usersettings" ("user_id");
CREATE UNIQUE INDEX "members_usertimerange_usersettings_id_timerange_id_3d4d5f91_uniq" ON "members_usertimerange" ("usersettings_id", "timerange_id");
CREATE UNIQUE INDEX "members_timerange_day_start_time_end_time_b3ef7644_uniq" ON "members_timerange" ("day", "start_time", "end_time");
CREATE INDEX "schedule_calendarrelation_object_id_1743bce6" ON "schedule_calendarrelation" ("object_id");
CREATE INDEX "schedule_calendarrelation_calendar_id_0a50be2e" ON "schedule_calendarrelation" ("calendar_id");
CREATE INDEX "schedule_calendarrelation_content_type_id_f2a42f5b" ON "schedule_calendarrelation" ("content_type_id");
CREATE INDEX "schedule_calendarrelation_content_type_id_object_id_3378a516_idx" ON "schedule_calendarrelation" ("content_type_id", "object_id");
CREATE INDEX "schedule_event_start_a11492a7" ON "schedule_event" ("start");
CREATE INDEX "schedule_event_end_674c5848" ON "schedule_event" ("end");
CREATE INDEX "schedule_event_end_recurring_period_672addcf" ON "schedule_event" ("end_recurring_period");
CREATE INDEX "schedule_event_calendar_id_eb1c700f" ON "schedule_event" ("calendar_id");
CREATE INDEX "schedule_event_creator_id_d2ffab6e" ON "schedule_event" ("creator_id");
CREATE INDEX "schedule_event_rule_id_90b83d31" ON "schedule_event" ("rule_id");
CREATE INDEX "schedule_event_start_end_89f30672_idx" ON "schedule_event" ("start", "end");
CREATE INDEX "schedule_eventrelation_object_id_e22334a2" ON "schedule_eventrelation" ("object_id");
CREATE INDEX "schedule_eventrelation_content_type_id_d4187723" ON "schedule_eventrelation" ("content_type_id");
CREATE INDEX "schedule_eventrelation_event_id_8c57a7b4" ON "schedule_eventrelation" ("event_id");
CREATE INDEX "schedule_eventrelation_content_type_id_object_id_c1b1e893_idx" ON "schedule_eventrelation" ("content_type_id", "object_id");
CREATE INDEX "schedule_occurrence_start_b28eeb2f" ON "schedule_occurrence" ("start");
CREATE INDEX "schedule_occurrence_end_ae255624" ON "schedule_occurrence" ("end");
CREATE INDEX "schedule_occurrence_event_id_ade47cd8" ON "schedule_occurrence" ("event_id");
CREATE INDEX "schedule_occurrence_start_end_5fc98870_idx" ON "schedule_occurrence" ("start", "end");
COMMIT;
